short10,1,0001,3,566.0,93.0,756.0,685.0
short10,1,0001,1,690.0,87.0,825.0,683.0
short10,1,0001,2,505.0,35.0,664.0,679.0
short10,1,0002,3,566.0,93.0,762.0,683.0
short10,1,0002,1,689.0,93.0,824.0,684.0
short10,1,0002,2,1163.0,290.0,1272.0,384.0
short10,1,0003,3,569.0,96.0,758.0,683.0
short10,1,0003,1,681.0,94.0,822.0,685.0
short10,1,0003,2,208.0,300.0,385.0,458.0
short10,1,0004,3,574.0,99.0,753.0,685.0
short10,1,0004,1,676.0,94.0,819.0,685.0
short10,1,0004,2,204.0,301.0,384.0,461.0
short10,1,0005,3,576.0,96.0,750.0,685.0
short10,1,0005,1,671.0,91.0,815.0,680.0
short10,1,0005,2,201.0,300.0,380.0,462.0
short10,1,0006,3,566.0,93.0,753.0,686.0
short10,1,0006,1,675.0,88.0,819.0,684.0
short10,1,0006,2,198.0,300.0,376.0,463.0
short10,2,0004,3,574.0,99.0,753.0,685.0
short10,2,0004,1,676.0,94.0,819.0,685.0
short10,2,0004,2,204.0,301.0,384.0,461.0
short10,2,0005,3,576.0,96.0,750.0,685.0
short10,2,0005,1,671.0,91.0,815.0,680.0
short10,2,0005,2,201.0,300.0,380.0,462.0
short10,2,0006,3,566.0,93.0,753.0,686.0
short10,2,0006,1,675.0,88.0,819.0,684.0
short10,2,0006,2,198.0,300.0,376.0,463.0
short10,2,0007,3,548.0,95.0,749.0,688.0
short10,2,0007,1,678.0,126.0,818.0,684.0
short10,2,0007,2,197.0,297.0,374.0,461.0
short10,2,0008,3,543.0,96.0,742.0,687.0
short10,2,0008,1,672.0,104.0,808.0,690.0
short10,2,0008,2,196.0,299.0,374.0,458.0
short10,2,0009,3,535.0,98.0,737.0,690.0
short10,2,0009,1,668.0,115.0,803.0,685.0
short10,2,0009,2,195.0,300.0,371.0,460.0
short10,3,0007,5,548.0,95.0,749.0,688.0
short10,3,0007,3,678.0,126.0,818.0,684.0
short10,3,0007,1,197.0,297.0,374.0,461.0
short10,3,0008,5,543.0,96.0,742.0,687.0
short10,3,0008,3,672.0,104.0,808.0,690.0
short10,3,0008,1,196.0,299.0,374.0,458.0
short10,3,0009,5,535.0,98.0,737.0,690.0
short10,3,0009,3,668.0,115.0,803.0,685.0
short10,3,0009,1,195.0,300.0,371.0,460.0
short10,3,0010,5,544.0,101.0,732.0,691.0
short10,3,0010,3,659.0,116.0,804.0,685.0
short10,3,0010,1,193.0,303.0,368.0,463.0
short10,3,0011,5,540.0,106.0,726.0,690.0
short10,3,0011,3,659.0,130.0,809.0,683.0
short10,3,0011,1,190.0,302.0,369.0,462.0
short10,3,0012,5,526.0,104.0,718.0,688.0
short10,3,0012,3,665.0,101.0,808.0,687.0
short10,3,0012,1,193.0,301.0,368.0,458.0
short10,4,0010,3,544.0,101.0,732.0,691.0
short10,4,0010,1,659.0,116.0,804.0,685.0
short10,4,0010,2,193.0,303.0,368.0,463.0
short10,4,0011,3,540.0,106.0,726.0,690.0
short10,4,0011,1,659.0,130.0,809.0,683.0
short10,4,0011,2,190.0,302.0,369.0,462.0
short10,4,0012,3,526.0,104.0,718.0,688.0
short10,4,0012,1,665.0,101.0,808.0,687.0
short10,4,0012,2,193.0,301.0,368.0,458.0
short10,4,0013,3,521.0,104.0,713.0,686.0
short10,4,0013,1,654.0,100.0,813.0,687.0
short10,4,0013,2,192.0,302.0,368.0,459.0
short10,4,0014,3,516.0,111.0,713.0,688.0
short10,4,0014,1,660.0,104.0,837.0,682.0
short10,4,0014,2,195.0,302.0,367.0,459.0
short10,4,0015,3,513.0,112.0,718.0,686.0
short10,4,0015,1,531.0,42.0,687.0,265.0
short10,4,0015,2,194.0,302.0,365.0,459.0
short10,5,0013,4,521.0,104.0,713.0,686.0
short10,5,0013,3,654.0,100.0,813.0,687.0
short10,5,0013,5,192.0,302.0,368.0,459.0
short10,5,0013,1,145.0,220.0,272.0,387.0
short10,5,0014,4,516.0,111.0,713.0,688.0
short10,5,0014,3,660.0,104.0,837.0,682.0
short10,5,0014,5,195.0,302.0,367.0,459.0
short10,5,0014,1,362.0,302.0,506.0,460.0
short10,5,0015,4,513.0,112.0,718.0,686.0
short10,5,0015,3,531.0,42.0,687.0,265.0
short10,5,0015,5,194.0,302.0,365.0,459.0
short10,5,0015,1,362.0,301.0,513.0,459.0
short10,5,0016,4,517.0,113.0,722.0,682.0
short10,5,0016,3,536.0,43.0,702.0,273.0
short10,5,0016,5,195.0,300.0,364.0,456.0
short10,5,0016,1,1103.0,292.0,1257.0,451.0
short10,5,0017,4,503.0,108.0,743.0,683.0
short10,5,0017,3,1079.0,218.0,1176.0,377.0
short10,5,0017,5,194.0,301.0,363.0,456.0
short10,5,0017,1,919.0,217.0,1026.0,383.0
short10,5,0018,4,518.0,110.0,747.0,684.0
short10,5,0018,3,543.0,44.0,729.0,273.0
short10,5,0018,5,192.0,302.0,363.0,457.0
short10,5,0018,1,686.0,96.0,963.0,687.0
short10,6,0016,3,517.0,113.0,722.0,682.0
short10,6,0016,1,670.0,105.0,877.0,680.0
short10,6,0016,4,195.0,300.0,364.0,456.0
short10,6,0016,2,536.0,43.0,702.0,273.0
short10,6,0017,3,503.0,108.0,743.0,683.0
short10,6,0017,1,1079.0,218.0,1176.0,377.0
short10,6,0017,4,194.0,301.0,363.0,456.0
short10,6,0017,2,919.0,217.0,1026.0,383.0
short10,6,0018,3,518.0,110.0,747.0,684.0
short10,6,0018,1,543.0,44.0,729.0,273.0
short10,6,0018,4,192.0,302.0,363.0,457.0
short10,6,0018,2,686.0,96.0,963.0,687.0
short10,6,0019,3,512.0,108.0,826.0,684.0
short10,6,0019,1,687.0,97.0,972.0,683.0
short10,6,0019,4,191.0,302.0,361.0,458.0
short10,6,0019,2,5.0,223.0,96.0,379.0
short10,6,0020,3,483.0,105.0,840.0,682.0
short10,6,0020,1,694.0,96.0,964.0,691.0
short10,6,0020,4,0.0,223.0,87.0,381.0
short10,6,0020,2,1010.0,296.0,1100.0,380.0
short10,6,0021,3,463.0,106.0,666.0,681.0
short10,6,0021,1,755.0,86.0,954.0,679.0
short10,6,0021,4,1088.0,291.0,1235.0,451.0
short10,6,0021,2,607.0,37.0,788.0,664.0
short10,7,0019,4,512.0,108.0,826.0,684.0
short10,7,0019,3,687.0,97.0,972.0,683.0
short10,7,0019,1,191.0,302.0,361.0,458.0
short10,7,0019,2,5.0,223.0,96.0,379.0
short10,7,0020,4,483.0,105.0,840.0,682.0
short10,7,0020,3,694.0,96.0,964.0,691.0
short10,7,0020,1,0.0,223.0,87.0,381.0
short10,7,0020,2,1010.0,296.0,1100.0,380.0
short10,7,0021,4,463.0,106.0,666.0,681.0
short10,7,0021,3,755.0,86.0,954.0,679.0
short10,7,0021,1,1088.0,291.0,1235.0,451.0
short10,7,0021,2,607.0,37.0,788.0,664.0
short10,7,0022,4,454.0,105.0,620.0,577.0
short10,7,0022,3,773.0,76.0,937.0,675.0
short10,7,0022,1,981.0,296.0,1076.0,381.0
short10,7,0022,2,576.0,39.0,798.0,677.0
short10,7,0023,4,339.0,112.0,616.0,685.0
short10,7,0023,3,769.0,69.0,930.0,556.0
short10,7,0023,1,973.0,295.0,1066.0,380.0
short10,7,0023,2,546.0,40.0,796.0,673.0
short10,7,0024,4,949.0,295.0,1057.0,381.0
short10,7,0024,3,765.0,73.0,949.0,680.0
short10,7,0024,1,1019.0,217.0,1115.0,375.0
short10,7,0024,2,521.0,45.0,786.0,676.0
short10,8,0022,4,773.0,76.0,937.0,675.0
short10,8,0022,3,576.0,39.0,798.0,677.0
short10,8,0022,2,454.0,105.0,620.0,577.0
short10,8,0023,4,769.0,69.0,930.0,556.0
short10,8,0023,3,546.0,40.0,796.0,673.0
short10,8,0023,2,339.0,112.0,616.0,685.0
short10,8,0024,4,765.0,73.0,949.0,680.0
short10,8,0024,3,521.0,45.0,786.0,676.0
short10,8,0024,2,949.0,295.0,1057.0,381.0
short10,8,0025,4,730.0,85.0,948.0,677.0
short10,8,0025,3,469.0,49.0,792.0,704.0
short10,8,0025,2,314.0,145.0,583.0,687.0
short10,8,0026,4,750.0,81.0,948.0,675.0
short10,8,0026,3,459.0,54.0,795.0,680.0
short10,8,0026,2,310.0,119.0,546.0,690.0
short10,8,0027,4,979.0,175.0,1224.0,715.0
short10,8,0027,3,753.0,69.0,1049.0,695.0
short10,8,0027,2,172.0,139.0,570.0,716.0
short10,9,0025,3,469.0,49.0,792.0,704.0
short10,9,0025,1,730.0,85.0,948.0,677.0
short10,9,0025,2,314.0,145.0,583.0,687.0
short10,9,0026,3,459.0,54.0,795.0,680.0
short10,9,0026,1,750.0,81.0,948.0,675.0
short10,9,0026,2,310.0,119.0,546.0,690.0
short10,9,0027,3,979.0,175.0,1224.0,715.0
short10,9,0027,1,753.0,69.0,1049.0,695.0
short10,9,0027,2,172.0,139.0,570.0,716.0
short10,9,0028,3,1023.0,180.0,1248.0,716.0
short10,9,0028,1,753.0,67.0,1052.0,690.0
short10,9,0028,2,178.0,140.0,573.0,713.0
short10,9,0029,3,1039.0,197.0,1267.0,716.0
short10,9,0029,1,758.0,64.0,1072.0,688.0
short10,9,0029,2,188.0,144.0,579.0,683.0
short10,9,0030,3,1047.0,191.0,1280.0,715.0
short10,9,0030,1,763.0,63.0,1068.0,692.0
short10,9,0030,2,208.0,143.0,581.0,669.0
short10,10,0028,2,753.0,67.0,1052.0,690.0
short10,10,0028,4,178.0,140.0,573.0,713.0
short10,10,0028,1,1023.0,180.0,1248.0,716.0
short10,10,0029,2,758.0,64.0,1072.0,688.0
short10,10,0029,4,188.0,144.0,579.0,683.0
short10,10,0029,1,1039.0,197.0,1267.0,716.0
short10,10,0030,2,763.0,63.0,1068.0,692.0
short10,10,0030,4,208.0,143.0,581.0,669.0
short10,10,0030,1,1047.0,191.0,1280.0,715.0
short10,10,0031,2,769.0,59.0,1053.0,691.0
short10,10,0031,4,244.0,147.0,590.0,666.0
short10,10,0031,1,1078.0,186.0,1280.0,714.0
short10,10,0032,2,774.0,55.0,1058.0,682.0
short10,10,0032,4,254.0,161.0,612.0,668.0
short10,10,0032,1,1100.0,186.0,1280.0,715.0
short10,10,0033,2,769.0,59.0,1066.0,669.0
short10,10,0033,4,441.0,160.0,652.0,421.0
short10,10,0033,1,1121.0,186.0,1280.0,717.0
short10,11,0031,4,1078.0,186.0,1280.0,714.0
short10,11,0031,3,769.0,59.0,1053.0,691.0
short10,11,0031,2,244.0,147.0,590.0,666.0
short10,11,0032,4,1100.0,186.0,1280.0,715.0
short10,11,0032,3,774.0,55.0,1058.0,682.0
short10,11,0032,2,254.0,161.0,612.0,668.0
short10,11,0033,4,1121.0,186.0,1280.0,717.0
short10,11,0033,3,769.0,59.0,1066.0,669.0
short10,11,0033,2,441.0,160.0,652.0,421.0
short10,11,0034,4,1127.0,184.0,1280.0,717.0
short10,11,0034,3,758.0,63.0,1065.0,669.0
short10,11,0034,2,1020.0,241.0,1161.0,351.0
short10,11,0035,4,1134.0,186.0,1280.0,711.0
short10,11,0035,3,789.0,70.0,1029.0,416.0
short10,11,0035,2,774.0,74.0,1073.0,678.0
short10,11,0036,4,1135.0,190.0,1280.0,716.0
short10,11,0036,3,784.0,87.0,1143.0,686.0
short10,11,0036,2,493.0,258.0,612.0,424.0
short10,12,0034,3,758.0,63.0,1065.0,669.0
short10,12,0034,1,1127.0,184.0,1280.0,717.0
short10,12,0034,4,318.0,258.0,489.0,353.0
short10,12,0035,3,789.0,70.0,1029.0,416.0
short10,12,0035,1,1134.0,186.0,1280.0,711.0
short10,12,0035,4,311.0,256.0,497.0,426.0
short10,12,0036,3,784.0,87.0,1143.0,686.0
short10,12,0036,1,1135.0,190.0,1280.0,716.0
short10,12,0036,4,313.0,255.0,497.0,425.0
short10,12,0037,3,763.0,104.0,1159.0,680.0
short10,12,0037,1,1132.0,191.0,1280.0,708.0
short10,12,0037,4,306.0,254.0,489.0,420.0
short10,12,0038,3,772.0,117.0,1132.0,681.0
short10,12,0038,1,1120.0,196.0,1280.0,701.0
short10,12,0038,4,283.0,252.0,464.0,430.0
short10,12,0039,3,773.0,122.0,1121.0,687.0
short10,12,0039,1,1099.0,201.0,1280.0,716.0
short10,12,0039,4,259.0,262.0,439.0,434.0
short10,13,0037,3,1132.0,191.0,1280.0,708.0
short10,13,0037,2,763.0,104.0,1159.0,680.0
short10,13,0037,1,306.0,254.0,489.0,420.0
short10,13,0038,3,1120.0,196.0,1280.0,701.0
short10,13,0038,2,772.0,117.0,1132.0,681.0
short10,13,0038,1,283.0,252.0,464.0,430.0
short10,13,0039,3,1099.0,201.0,1280.0,716.0
short10,13,0039,2,773.0,122.0,1121.0,687.0
short10,13,0039,1,259.0,262.0,439.0,434.0
short10,13,0040,3,1075.0,206.0,1280.0,714.0
short10,13,0040,2,755.0,118.0,1090.0,681.0
short10,13,0040,1,224.0,266.0,406.0,435.0
short10,13,0041,3,1066.0,213.0,1280.0,715.0
short10,13,0041,2,720.0,110.0,1070.0,704.0
short10,13,0041,1,199.0,257.0,379.0,436.0
short10,13,0042,3,1071.0,210.0,1280.0,710.0
short10,13,0042,2,716.0,97.0,1044.0,691.0
short10,13,0042,1,124.0,180.0,247.0,360.0
short10,14,0040,4,1075.0,206.0,1280.0,714.0
short10,14,0040,5,755.0,118.0,1090.0,681.0
short10,14,0040,2,994.0,178.0,1107.0,355.0
short10,14,0040,3,224.0,266.0,406.0,435.0
short10,14,0041,4,1066.0,213.0,1280.0,715.0
short10,14,0041,5,720.0,110.0,1070.0,704.0
short10,14,0041,2,965.0,179.0,1080.0,353.0
short10,14,0041,3,199.0,257.0,379.0,436.0
short10,14,0042,4,1071.0,210.0,1280.0,710.0
short10,14,0042,5,716.0,97.0,1044.0,691.0
short10,14,0042,2,942.0,180.0,1064.0,356.0
short10,14,0042,3,124.0,180.0,247.0,360.0
short10,14,0043,4,1099.0,206.0,1280.0,713.0
short10,14,0043,5,646.0,93.0,1040.0,704.0
short10,14,0043,2,927.0,182.0,1050.0,359.0
short10,14,0043,3,471.0,104.0,730.0,694.0
short10,14,0044,4,1116.0,199.0,1280.0,707.0
short10,14,0044,5,593.0,102.0,1034.0,684.0
short10,14,0044,2,920.0,180.0,1042.0,360.0
short10,14,0044,3,426.0,92.0,660.0,436.0
short10,14,0045,4,1110.0,186.0,1280.0,698.0
short10,14,0045,5,514.0,112.0,1023.0,681.0
short10,14,0045,2,321.0,95.0,712.0,686.0
short10,14,0045,3,157.0,262.0,341.0,438.0
short10,15,0043,4,646.0,93.0,1040.0,704.0
short10,15,0043,1,1099.0,206.0,1280.0,713.0
short10,15,0043,3,927.0,182.0,1050.0,359.0
short10,15,0044,4,593.0,102.0,1034.0,684.0
short10,15,0044,1,1116.0,199.0,1280.0,707.0
short10,15,0044,3,920.0,180.0,1042.0,360.0
short10,15,0045,4,514.0,112.0,1023.0,681.0
short10,15,0045,1,1110.0,186.0,1280.0,698.0
short10,15,0045,3,321.0,95.0,712.0,686.0
short10,15,0046,4,583.0,108.0,1034.0,685.0
short10,15,0046,1,1097.0,181.0,1280.0,715.0
short10,15,0046,3,324.0,118.0,665.0,682.0
short10,15,0047,4,682.0,90.0,1039.0,680.0
short10,15,0047,1,1108.0,178.0,1280.0,714.0
short10,15,0047,3,331.0,124.0,690.0,687.0
short10,15,0048,4,696.0,78.0,1051.0,684.0
short10,15,0048,1,1108.0,177.0,1280.0,714.0
short10,15,0048,3,343.0,112.0,676.0,682.0
short10,16,0046,5,583.0,108.0,1034.0,685.0
short10,16,0046,3,1097.0,181.0,1280.0,715.0
short10,16,0046,1,324.0,118.0,665.0,682.0
short10,16,0047,5,682.0,90.0,1039.0,680.0
short10,16,0047,3,1108.0,178.0,1280.0,714.0
short10,16,0047,1,331.0,124.0,690.0,687.0
short10,16,0048,5,696.0,78.0,1051.0,684.0
short10,16,0048,3,1108.0,177.0,1280.0,714.0
short10,16,0048,1,343.0,112.0,676.0,682.0
short10,16,0049,5,697.0,74.0,1060.0,690.0
short10,16,0049,3,1112.0,179.0,1280.0,712.0
short10,16,0049,1,374.0,113.0,592.0,438.0
short10,16,0050,5,717.0,75.0,1072.0,683.0
short10,16,0050,3,1100.0,179.0,1280.0,711.0
short10,16,0050,1,963.0,187.0,1068.0,364.0
short10,16,0051,5,708.0,82.0,1082.0,690.0
short10,16,0051,3,1093.0,178.0,1280.0,713.0
short10,16,0051,1,964.0,189.0,1073.0,365.0
short10,17,0049,3,697.0,74.0,1060.0,690.0
short10,17,0049,4,1112.0,179.0,1280.0,712.0
short10,17,0049,1,374.0,113.0,592.0,438.0
short10,17,0049,5,653.0,308.0,802.0,438.0
short10,17,0049,2,962.0,185.0,1060.0,364.0
short10,17,0050,3,717.0,75.0,1072.0,683.0
short10,17,0050,4,1100.0,179.0,1280.0,711.0
short10,17,0050,1,963.0,187.0,1068.0,364.0
short10,17,0050,5,1229.0,151.0,1280.0,246.0
short10,17,0050,2,196.0,270.0,378.0,440.0
short10,17,0051,3,708.0,82.0,1082.0,690.0
short10,17,0051,4,1093.0,178.0,1280.0,713.0
short10,17,0051,1,964.0,189.0,1073.0,365.0
short10,17,0051,5,404.0,215.0,594.0,439.0
short10,17,0051,2,202.0,272.0,385.0,442.0
short10,17,0052,3,711.0,88.0,1104.0,692.0
short10,17,0052,4,1075.0,176.0,1280.0,697.0
short10,17,0052,1,1221.0,156.0,1280.0,254.0
short10,17,0052,5,288.0,269.0,703.0,701.0
short10,17,0052,2,203.0,281.0,385.0,446.0
short10,17,0053,3,712.0,94.0,1105.0,694.0
short10,17,0053,4,1074.0,180.0,1280.0,704.0
short10,17,0053,1,1219.0,160.0,1280.0,256.0
short10,17,0053,5,293.0,283.0,700.0,699.0
short10,17,0053,2,978.0,197.0,1073.0,372.0
short10,17,0054,3,716.0,104.0,1109.0,696.0
short10,17,0054,4,1077.0,183.0,1280.0,700.0
short10,17,0054,1,1222.0,164.0,1280.0,256.0
short10,17,0054,5,294.0,268.0,701.0,701.0
short10,17,0054,2,206.0,281.0,383.0,450.0
short10,18,0052,3,711.0,88.0,1104.0,692.0
short10,18,0052,4,1075.0,176.0,1280.0,697.0
short10,18,0052,1,203.0,281.0,385.0,446.0
short10,18,0052,2,288.0,269.0,703.0,701.0
short10,18,0053,3,712.0,94.0,1105.0,694.0
short10,18,0053,4,1074.0,180.0,1280.0,704.0
short10,18,0053,1,293.0,283.0,700.0,699.0
short10,18,0053,2,978.0,197.0,1073.0,372.0
short10,18,0054,3,716.0,104.0,1109.0,696.0
short10,18,0054,4,1077.0,183.0,1280.0,700.0
short10,18,0054,1,294.0,268.0,701.0,701.0
short10,18,0054,2,1222.0,164.0,1280.0,256.0
short10,18,0055,3,1092.0,190.0,1280.0,687.0
short10,18,0055,4,1222.0,164.0,1280.0,256.0
short10,18,0055,1,295.0,227.0,701.0,701.0
short10,18,0055,2,722.0,106.0,1102.0,693.0
short10,18,0056,3,1089.0,187.0,1280.0,687.0
short10,18,0056,4,1223.0,164.0,1280.0,256.0
short10,18,0056,1,659.0,322.0,849.0,450.0
short10,18,0056,2,779.0,89.0,1097.0,687.0
short10,18,0057,3,1057.0,188.0,1278.0,688.0
short10,18,0057,4,804.0,78.0,1093.0,687.0
short10,18,0057,1,657.0,322.0,845.0,450.0
short10,18,0057,2,295.0,179.0,730.0,701.0
short10,19,0055,3,722.0,106.0,1102.0,693.0
short10,19,0055,5,1092.0,190.0,1280.0,687.0
short10,19,0055,1,295.0,227.0,701.0,701.0
short10,19,0055,2,1222.0,164.0,1280.0,256.0
short10,19,0056,3,1223.0,164.0,1280.0,256.0
short10,19,0056,5,1089.0,187.0,1280.0,687.0
short10,19,0056,1,659.0,322.0,849.0,450.0
short10,19,0056,2,779.0,89.0,1097.0,687.0
short10,19,0057,3,1057.0,188.0,1278.0,688.0
short10,19,0057,5,804.0,78.0,1093.0,687.0
short10,19,0057,1,657.0,322.0,845.0,450.0
short10,19,0057,2,295.0,179.0,730.0,701.0
short10,19,0058,3,1056.0,191.0,1262.0,690.0
short10,19,0058,5,807.0,79.0,1105.0,688.0
short10,19,0058,1,657.0,323.0,844.0,452.0
short10,19,0058,2,294.0,165.0,745.0,700.0
short10,19,0059,3,1040.0,199.0,1249.0,689.0
short10,19,0059,5,802.0,84.0,1107.0,689.0
short10,19,0059,1,653.0,322.0,844.0,453.0
short10,19,0059,2,293.0,140.0,744.0,703.0
short10,19,0060,3,997.0,209.0,1228.0,560.0
short10,19,0060,5,793.0,88.0,1094.0,687.0
short10,19,0060,1,297.0,138.0,734.0,700.0
short10,19,0060,2,1107.0,188.0,1239.0,368.0
short10,20,0058,2,807.0,79.0,1105.0,688.0
short10,20,0058,4,294.0,165.0,745.0,700.0
short10,20,0058,1,1056.0,191.0,1262.0,690.0
short10,20,0059,2,802.0,84.0,1107.0,689.0
short10,20,0059,4,293.0,140.0,744.0,703.0
short10,20,0059,1,1040.0,199.0,1249.0,689.0
short10,20,0060,2,793.0,88.0,1094.0,687.0
short10,20,0060,4,297.0,138.0,734.0,700.0
short10,20,0060,1,997.0,209.0,1228.0,560.0
short10,20,0061,2,800.0,85.0,1066.0,687.0
short10,20,0061,4,288.0,161.0,755.0,700.0
short10,20,0061,1,1161.0,285.0,1280.0,449.0
short10,20,0062,2,795.0,82.0,1019.0,692.0
short10,20,0062,4,289.0,184.0,754.0,697.0
short10,20,0062,1,946.0,216.0,1171.0,689.0
short10,20,0063,2,787.0,89.0,1012.0,689.0
short10,20,0063,4,289.0,198.0,751.0,698.0
short10,20,0063,1,907.0,219.0,1110.0,560.0
short10,21,0061,1,288.0,161.0,755.0,700.0
short10,21,0061,2,800.0,85.0,1066.0,687.0
short10,21,0061,3,1161.0,285.0,1280.0,449.0
short10,21,0062,1,289.0,184.0,754.0,697.0
short10,21,0062,2,795.0,82.0,1019.0,692.0
short10,21,0062,3,946.0,216.0,1171.0,689.0
short10,21,0063,1,289.0,198.0,751.0,698.0
short10,21,0063,2,787.0,89.0,1012.0,689.0
short10,21,0063,3,907.0,219.0,1110.0,560.0
short10,21,0064,1,285.0,194.0,748.0,699.0
short10,21,0064,2,784.0,97.0,1029.0,689.0
short10,21,0064,3,901.0,218.0,1103.0,560.0
short10,21,0065,1,281.0,184.0,743.0,701.0
short10,21,0065,2,857.0,91.0,1046.0,362.0
short10,21,0065,3,785.0,216.0,1088.0,688.0
short10,21,0066,1,276.0,182.0,743.0,702.0
short10,21,0066,2,896.0,93.0,1081.0,452.0
short10,21,0066,3,630.0,331.0,819.0,455.0
short10,22,0064,2,784.0,97.0,1029.0,689.0
short10,22,0064,1,285.0,194.0,748.0,699.0
short10,22,0064,3,901.0,218.0,1103.0,560.0
short10,22,0064,4,1054.0,188.0,1222.0,369.0
short10,22,0065,2,857.0,91.0,1046.0,362.0
short10,22,0065,1,281.0,184.0,743.0,701.0
short10,22,0065,3,785.0,216.0,1088.0,688.0
short10,22,0065,4,1047.0,190.0,1218.0,370.0
short10,22,0066,2,896.0,93.0,1081.0,452.0
short10,22,0066,1,276.0,182.0,743.0,702.0
short10,22,0066,3,630.0,331.0,819.0,455.0
short10,22,0066,4,176.0,289.0,356.0,454.0
short10,22,0067,2,910.0,92.0,1088.0,449.0
short10,22,0067,1,266.0,163.0,733.0,702.0
short10,22,0067,3,364.0,164.0,597.0,457.0
short10,22,0067,4,833.0,226.0,1069.0,693.0
short10,22,0068,2,906.0,85.0,1077.0,435.0
short10,22,0068,1,263.0,160.0,727.0,702.0
short10,22,0068,3,355.0,159.0,588.0,457.0
short10,22,0068,4,827.0,234.0,1058.0,694.0
short10,22,0069,2,864.0,84.0,1188.0,684.0
short10,22,0069,1,257.0,162.0,737.0,704.0
short10,22,0069,3,353.0,163.0,583.0,458.0
short10,22,0069,4,824.0,236.0,1045.0,694.0
short10,23,0067,3,902.0,91.0,1206.0,688.0
short10,23,0067,2,364.0,164.0,597.0,457.0
short10,23,0067,5,266.0,163.0,733.0,702.0
short10,23,0067,1,910.0,92.0,1088.0,449.0
short10,23,0068,3,900.0,84.0,1196.0,688.0
short10,23,0068,2,355.0,159.0,588.0,457.0
short10,23,0068,5,263.0,160.0,727.0,702.0
short10,23,0068,1,906.0,85.0,1077.0,435.0
short10,23,0069,3,864.0,84.0,1188.0,684.0
short10,23,0069,2,353.0,163.0,583.0,458.0
short10,23,0069,5,257.0,162.0,737.0,704.0
short10,23,0069,1,730.0,187.0,850.0,387.0
short10,23,0070,3,869.0,90.0,1060.0,433.0
short10,23,0070,2,356.0,176.0,580.0,457.0
short10,23,0070,5,252.0,172.0,740.0,702.0
short10,23,0070,1,727.0,187.0,857.0,386.0
short10,23,0071,3,862.0,90.0,1054.0,432.0
short10,23,0071,2,253.0,183.0,734.0,702.0
short10,23,0071,5,601.0,332.0,786.0,457.0
short10,23,0071,1,812.0,237.0,1035.0,693.0
short10,23,0072,3,863.0,91.0,1059.0,450.0
short10,23,0072,2,286.0,187.0,728.0,699.0
short10,23,0072,5,811.0,239.0,1037.0,694.0
short10,23,0072,1,143.0,291.0,324.0,458.0
short10,24,0070,1,252.0,172.0,740.0,702.0
short10,24,0070,5,869.0,90.0,1060.0,433.0
short10,24,0070,4,815.0,240.0,1037.0,693.0
short10,24,0070,3,727.0,187.0,857.0,386.0
short10,24,0071,1,253.0,183.0,734.0,702.0
short10,24,0071,5,862.0,90.0,1054.0,432.0
short10,24,0071,4,812.0,237.0,1035.0,693.0
short10,24,0071,3,601.0,332.0,786.0,457.0
short10,24,0072,1,286.0,187.0,728.0,699.0
short10,24,0072,5,863.0,91.0,1059.0,450.0
short10,24,0072,4,811.0,239.0,1037.0,694.0
short10,24,0072,3,143.0,291.0,324.0,458.0
short10,24,0073,1,279.0,182.0,729.0,698.0
short10,24,0073,5,848.0,93.0,1065.0,455.0
short10,24,0073,4,819.0,243.0,1044.0,694.0
short10,24,0073,3,139.0,293.0,323.0,457.0
short10,24,0074,1,274.0,176.0,737.0,698.0
short10,24,0074,5,833.0,96.0,1071.0,455.0
short10,24,0074,4,826.0,93.0,1173.0,691.0
short10,24,0074,3,134.0,284.0,317.0,458.0
short10,24,0075,1,273.0,154.0,728.0,698.0
short10,24,0075,5,825.0,97.0,1045.0,367.0
short10,24,0075,4,1161.0,198.0,1277.0,372.0
short10,24,0075,3,131.0,292.0,311.0,456.0
short10,25,0073,4,279.0,182.0,729.0,698.0
short10,25,0073,1,819.0,243.0,1044.0,694.0
short10,25,0073,2,848.0,93.0,1065.0,455.0
short10,25,0073,3,139.0,293.0,323.0,457.0
short10,25,0074,4,274.0,176.0,737.0,698.0
short10,25,0074,1,833.0,96.0,1071.0,455.0
short10,25,0074,2,826.0,93.0,1173.0,691.0
short10,25,0074,3,134.0,284.0,317.0,458.0
short10,25,0075,4,273.0,154.0,728.0,698.0
short10,25,0075,1,825.0,97.0,1045.0,367.0
short10,25,0075,2,1161.0,198.0,1277.0,372.0
short10,25,0075,3,131.0,292.0,311.0,456.0
short10,25,0076,4,408.0,142.0,666.0,458.0
short10,25,0076,1,839.0,95.0,1036.0,363.0
short10,25,0076,2,1154.0,201.0,1279.0,374.0
short10,25,0076,3,124.0,288.0,307.0,458.0
short10,25,0077,4,419.0,141.0,861.0,455.0
short10,25,0077,1,862.0,95.0,1042.0,380.0
short10,25,0077,2,1150.0,202.0,1279.0,372.0
short10,25,0077,3,897.0,242.0,1188.0,694.0
short10,25,0078,4,277.0,153.0,894.0,697.0
short10,25,0078,1,915.0,89.0,1059.0,365.0
short10,25,0078,2,1147.0,200.0,1280.0,373.0
short10,25,0078,3,764.0,242.0,1200.0,691.0
short10,26,0076,3,839.0,95.0,1036.0,363.0
short10,26,0076,4,870.0,243.0,1119.0,692.0
short10,26,0076,1,124.0,288.0,307.0,458.0
short10,26,0076,2,408.0,142.0,666.0,458.0
short10,26,0077,3,862.0,95.0,1042.0,380.0
short10,26,0077,4,897.0,242.0,1188.0,694.0
short10,26,0077,1,419.0,141.0,861.0,455.0
short10,26,0077,2,1150.0,202.0,1279.0,372.0
short10,26,0078,3,915.0,89.0,1059.0,365.0
short10,26,0078,4,764.0,242.0,1200.0,691.0
short10,26,0078,1,277.0,153.0,894.0,697.0
short10,26,0078,2,1147.0,200.0,1280.0,373.0
short10,26,0079,3,965.0,98.0,1097.0,358.0
short10,26,0079,4,752.0,244.0,1167.0,695.0
short10,26,0079,1,300.0,148.0,792.0,692.0
short10,26,0079,2,1143.0,200.0,1280.0,373.0
short10,26,0080,3,990.0,109.0,1121.0,359.0
short10,26,0080,4,964.0,248.0,1198.0,693.0
short10,26,0080,1,338.0,139.0,779.0,690.0
short10,26,0080,2,1131.0,201.0,1279.0,373.0
short10,26,0081,3,946.0,108.0,1123.0,384.0
short10,26,0081,4,766.0,250.0,1202.0,691.0
short10,26,0081,1,321.0,132.0,739.0,689.0
short10,26,0081,2,1103.0,199.0,1259.0,372.0
short10,27,0079,2,965.0,98.0,1097.0,358.0
short10,27,0079,5,300.0,148.0,792.0,692.0
short10,27,0079,4,1143.0,200.0,1280.0,373.0
short10,27,0079,1,752.0,244.0,1167.0,695.0
short10,27,0079,3,685.0,186.0,832.0,382.0
short10,27,0080,2,990.0,109.0,1121.0,359.0
short10,27,0080,5,338.0,139.0,779.0,690.0
short10,27,0080,4,1131.0,201.0,1279.0,373.0
short10,27,0080,1,964.0,248.0,1198.0,693.0
short10,27,0080,3,101.0,289.0,286.0,460.0
short10,27,0081,2,946.0,108.0,1123.0,384.0
short10,27,0081,5,321.0,132.0,739.0,689.0
short10,27,0081,4,1103.0,199.0,1259.0,372.0
short10,27,0081,1,766.0,250.0,1202.0,691.0
short10,27,0081,3,88.0,292.0,272.0,457.0
short10,27,0082,2,764.0,97.0,1099.0,688.0
short10,27,0082,5,307.0,125.0,745.0,693.0
short10,27,0082,4,916.0,96.0,1102.0,385.0
short10,27,0082,1,923.0,254.0,1221.0,691.0
short10,27,0082,3,72.0,294.0,258.0,458.0
short10,27,0083,2,900.0,91.0,1078.0,379.0
short10,27,0083,5,386.0,112.0,594.0,461.0
short10,27,0083,4,764.0,92.0,1076.0,691.0
short10,27,0083,1,1001.0,254.0,1237.0,691.0
short10,27,0083,3,1090.0,201.0,1236.0,372.0
short10,27,0084,2,745.0,93.0,1055.0,692.0
short10,27,0084,5,288.0,102.0,713.0,691.0
short10,27,0084,4,1198.0,280.0,1280.0,370.0
short10,27,0084,1,1001.0,247.0,1251.0,692.0
short10,27,0084,3,50.0,292.0,235.0,459.0
short10,28,0082,2,764.0,97.0,1099.0,688.0
short10,28,0082,3,72.0,294.0,258.0,458.0
short10,28,0082,1,307.0,125.0,745.0,693.0
short10,28,0082,5,916.0,96.0,1102.0,385.0
short10,28,0082,4,923.0,254.0,1221.0,691.0
short10,28,0083,2,900.0,91.0,1078.0,379.0
short10,28,0083,3,386.0,112.0,594.0,461.0
short10,28,0083,1,1090.0,201.0,1236.0,372.0
short10,28,0083,5,764.0,92.0,1076.0,691.0
short10,28,0083,4,1001.0,254.0,1237.0,691.0
short10,28,0084,2,745.0,93.0,1055.0,692.0
short10,28,0084,3,288.0,102.0,713.0,691.0
short10,28,0084,1,1198.0,280.0,1280.0,370.0
short10,28,0084,5,1001.0,247.0,1251.0,692.0
short10,28,0084,4,50.0,292.0,235.0,459.0
short10,28,0085,2,742.0,102.0,1048.0,691.0
short10,28,0085,3,285.0,102.0,709.0,691.0
short10,28,0085,1,1193.0,279.0,1280.0,371.0
short10,28,0085,5,992.0,238.0,1258.0,690.0
short10,28,0085,4,41.0,292.0,227.0,459.0
short10,28,0086,2,733.0,108.0,1043.0,691.0
short10,28,0086,3,604.0,186.0,716.0,382.0
short10,28,0086,1,1185.0,279.0,1280.0,449.0
short10,28,0086,5,978.0,232.0,1253.0,690.0
short10,28,0086,4,31.0,285.0,218.0,458.0
short10,28,0087,2,730.0,119.0,1040.0,688.0
short10,28,0087,3,319.0,103.0,701.0,689.0
short10,28,0087,1,1177.0,279.0,1280.0,448.0
short10,28,0087,5,975.0,231.0,1247.0,690.0
short10,28,0087,4,26.0,293.0,210.0,458.0
short10,29,0085,4,992.0,238.0,1258.0,690.0
short10,29,0085,3,742.0,102.0,1048.0,691.0
short10,29,0085,2,285.0,102.0,709.0,691.0
short10,29,0085,1,41.0,292.0,227.0,459.0
short10,29,0085,5,1193.0,279.0,1280.0,371.0
short10,29,0086,4,978.0,232.0,1253.0,690.0
short10,29,0086,3,733.0,108.0,1043.0,691.0
short10,29,0086,2,604.0,186.0,716.0,382.0
short10,29,0086,1,31.0,285.0,218.0,458.0
short10,29,0086,5,1185.0,279.0,1280.0,449.0
short10,29,0087,4,975.0,231.0,1247.0,690.0
short10,29,0087,3,730.0,119.0,1040.0,688.0
short10,29,0087,2,319.0,103.0,701.0,689.0
short10,29,0087,1,26.0,293.0,210.0,458.0
short10,29,0087,5,1177.0,279.0,1280.0,448.0
short10,29,0088,4,968.0,233.0,1235.0,690.0
short10,29,0088,3,731.0,123.0,1040.0,692.0
short10,29,0088,2,323.0,107.0,700.0,693.0
short10,29,0088,1,21.0,293.0,204.0,459.0
short10,29,0088,5,1167.0,277.0,1280.0,449.0
short10,29,0089,4,952.0,240.0,1211.0,690.0
short10,29,0089,3,849.0,110.0,1055.0,356.0
short10,29,0089,2,323.0,113.0,694.0,694.0
short10,29,0089,1,13.0,292.0,197.0,461.0
short10,29,0089,5,710.0,278.0,845.0,386.0
short10,29,0090,4,940.0,245.0,1187.0,690.0
short10,29,0090,3,876.0,96.0,1052.0,373.0
short10,29,0090,2,275.0,115.0,690.0,696.0
short10,29,0090,1,5.0,291.0,193.0,460.0
short10,29,0090,5,1155.0,280.0,1280.0,449.0
short10,30,0088,5,968.0,233.0,1235.0,690.0
short10,30,0088,3,731.0,123.0,1040.0,692.0
short10,30,0088,2,323.0,107.0,700.0,693.0
short10,30,0088,1,1167.0,277.0,1280.0,449.0
short10,30,0088,4,21.0,293.0,204.0,459.0
short10,30,0089,5,952.0,240.0,1211.0,690.0
short10,30,0089,3,849.0,110.0,1055.0,356.0
short10,30,0089,2,323.0,113.0,694.0,694.0
short10,30,0089,1,710.0,278.0,845.0,386.0
short10,30,0089,4,13.0,292.0,197.0,461.0
short10,30,0090,5,940.0,245.0,1187.0,690.0
short10,30,0090,3,876.0,96.0,1052.0,373.0
short10,30,0090,2,275.0,115.0,690.0,696.0
short10,30,0090,1,1155.0,280.0,1280.0,449.0
short10,30,0090,4,5.0,291.0,193.0,460.0
short10,30,0091,5,898.0,253.0,1142.0,690.0
short10,30,0091,3,837.0,88.0,1035.0,369.0
short10,30,0091,2,313.0,115.0,681.0,690.0
short10,30,0091,1,1149.0,279.0,1271.0,372.0
short10,30,0091,4,0.0,293.0,187.0,459.0
short10,30,0092,5,1128.0,282.0,1268.0,369.0
short10,30,0092,3,811.0,87.0,1037.0,430.0
short10,30,0092,2,302.0,112.0,671.0,687.0
short10,30,0092,1,0.0,296.0,180.0,460.0
short10,30,0092,4,0.0,216.0,60.0,387.0
short10,30,0093,5,272.0,110.0,679.0,691.0
short10,30,0093,3,807.0,85.0,1034.0,453.0
short10,30,0093,2,565.0,186.0,706.0,382.0
short10,30,0093,1,0.0,293.0,177.0,459.0
short10,30,0093,4,795.0,239.0,1076.0,691.0
short10,31,0091,4,837.0,88.0,1035.0,369.0
short10,31,0091,2,313.0,115.0,681.0,690.0
short10,31,0091,1,898.0,253.0,1142.0,690.0
short10,31,0091,3,0.0,293.0,187.0,459.0
short10,31,0092,4,811.0,87.0,1037.0,430.0
short10,31,0092,2,302.0,112.0,671.0,687.0
short10,31,0092,1,1128.0,282.0,1268.0,369.0
short10,31,0092,3,0.0,296.0,180.0,460.0
short10,31,0093,4,807.0,85.0,1034.0,453.0
short10,31,0093,2,272.0,110.0,679.0,691.0
short10,31,0093,1,795.0,239.0,1076.0,691.0
short10,31,0093,3,0.0,293.0,177.0,459.0
short10,31,0094,4,1123.0,423.0,1249.0,554.0
short10,31,0094,2,637.0,97.0,897.0,708.0
short10,31,0094,1,863.0,399.0,973.0,501.0
short10,31,0094,3,244.0,94.0,692.0,706.0
short10,31,0095,4,1116.0,419.0,1241.0,547.0
short10,31,0095,2,615.0,110.0,898.0,705.0
short10,31,0095,1,861.0,392.0,968.0,496.0
short10,31,0095,3,236.0,105.0,679.0,708.0
short10,31,0096,4,1112.0,417.0,1238.0,546.0
short10,31,0096,2,616.0,125.0,901.0,705.0
short10,31,0096,1,858.0,389.0,962.0,495.0
short10,31,0096,3,243.0,116.0,671.0,706.0
short10,32,0094,1,244.0,94.0,692.0,706.0
short10,32,0094,2,637.0,97.0,897.0,708.0
short10,32,0094,4,1123.0,423.0,1249.0,554.0
short10,32,0094,3,863.0,399.0,973.0,501.0
short10,32,0095,1,236.0,105.0,679.0,708.0
short10,32,0095,2,615.0,110.0,898.0,705.0
short10,32,0095,4,1116.0,419.0,1241.0,547.0
short10,32,0095,3,861.0,392.0,968.0,496.0
short10,32,0096,1,243.0,116.0,671.0,706.0
short10,32,0096,2,616.0,125.0,901.0,705.0
short10,32,0096,4,1112.0,417.0,1238.0,546.0
short10,32,0096,3,858.0,389.0,962.0,495.0
short10,32,0097,1,245.0,127.0,638.0,708.0
short10,32,0097,2,617.0,106.0,909.0,706.0
short10,32,0097,4,1112.0,416.0,1238.0,546.0
short10,32,0097,3,861.0,386.0,964.0,494.0
short10,32,0098,1,247.0,120.0,648.0,708.0
short10,32,0098,2,617.0,88.0,911.0,706.0
short10,32,0098,4,1015.0,395.0,1126.0,526.0
short10,32,0098,3,862.0,385.0,967.0,490.0
short10,32,0099,1,249.0,113.0,685.0,705.0
short10,32,0099,2,620.0,92.0,912.0,706.0
short10,32,0099,4,1018.0,392.0,1129.0,523.0
short10,32,0099,3,864.0,381.0,967.0,486.0
short10,33,0097,4,245.0,127.0,638.0,708.0
short10,33,0097,1,617.0,106.0,909.0,706.0
short10,33,0097,2,1112.0,416.0,1238.0,546.0
short10,33,0097,5,170.0,420.0,311.0,563.0
short10,33,0097,3,861.0,386.0,964.0,494.0
short10,33,0098,4,247.0,120.0,648.0,708.0
short10,33,0098,1,617.0,88.0,911.0,706.0
short10,33,0098,2,1015.0,395.0,1126.0,526.0
short10,33,0098,5,169.0,414.0,317.0,557.0
short10,33,0098,3,862.0,385.0,967.0,490.0
short10,33,0099,4,249.0,113.0,685.0,705.0
short10,33,0099,1,620.0,92.0,912.0,706.0
short10,33,0099,2,1018.0,392.0,1129.0,523.0
short10,33,0099,5,864.0,381.0,967.0,486.0
short10,33,0099,3,1114.0,412.0,1241.0,541.0
short10,33,0100,4,280.0,105.0,741.0,707.0
short10,33,0100,1,606.0,117.0,901.0,708.0
short10,33,0100,2,1020.0,393.0,1129.0,521.0
short10,33,0100,5,862.0,377.0,968.0,484.0
short10,33,0100,3,1115.0,411.0,1242.0,539.0
short10,33,0101,4,275.0,100.0,713.0,707.0
short10,33,0101,1,592.0,133.0,878.0,708.0
short10,33,0101,2,1027.0,392.0,1137.0,521.0
short10,33,0101,5,864.0,377.0,974.0,484.0
short10,33,0101,3,1126.0,413.0,1252.0,543.0
short10,33,0102,4,297.0,104.0,670.0,709.0
short10,33,0102,1,626.0,133.0,870.0,711.0
short10,33,0102,2,1030.0,393.0,1142.0,523.0
short10,33,0102,5,878.0,378.0,979.0,485.0
short10,33,0102,3,1129.0,413.0,1262.0,541.0
short10,34,0100,1,280.0,105.0,741.0,707.0
short10,34,0100,2,606.0,117.0,901.0,708.0
short10,34,0100,5,1020.0,393.0,1129.0,521.0
short10,34,0100,3,1115.0,411.0,1242.0,539.0
short10,34,0101,1,275.0,100.0,713.0,707.0
short10,34,0101,2,592.0,133.0,878.0,708.0
short10,34,0101,5,1027.0,392.0,1137.0,521.0
short10,34,0101,3,1126.0,413.0,1252.0,543.0
short10,34,0102,1,297.0,104.0,670.0,709.0
short10,34,0102,2,626.0,133.0,870.0,711.0
short10,34,0102,5,1030.0,393.0,1142.0,523.0
short10,34,0102,3,1129.0,413.0,1262.0,541.0
short10,34,0103,1,308.0,104.0,704.0,708.0
short10,34,0103,2,608.0,150.0,897.0,710.0
short10,34,0103,5,1032.0,393.0,1146.0,523.0
short10,34,0103,3,1129.0,413.0,1266.0,542.0
short10,34,0104,1,328.0,77.0,722.0,707.0
short10,34,0104,2,574.0,154.0,927.0,706.0
short10,34,0104,5,1035.0,389.0,1147.0,519.0
short10,34,0104,3,1133.0,408.0,1261.0,537.0
short10,34,0105,1,263.0,79.0,579.0,708.0
short10,34,0105,2,529.0,159.0,871.0,709.0
short10,34,0105,5,1032.0,391.0,1142.0,521.0
short10,34,0105,3,1129.0,410.0,1259.0,539.0
short10,35,0103,1,308.0,104.0,704.0,708.0
short10,35,0103,2,608.0,150.0,897.0,710.0
short10,35,0103,3,1032.0,393.0,1146.0,523.0
short10,35,0104,1,328.0,77.0,722.0,707.0
short10,35,0104,2,574.0,154.0,927.0,706.0
short10,35,0104,3,1035.0,389.0,1147.0,519.0
short10,35,0105,1,263.0,79.0,579.0,708.0
short10,35,0105,2,529.0,159.0,871.0,709.0
short10,35,0105,3,1032.0,391.0,1142.0,521.0
short10,35,0106,1,81.0,92.0,555.0,702.0
short10,35,0106,2,272.0,175.0,902.0,709.0
short10,35,0106,3,1037.0,391.0,1149.0,521.0
short10,35,0107,1,337.0,141.0,922.0,709.0
short10,35,0107,2,895.0,378.0,1005.0,483.0
short10,35,0107,3,1158.0,410.0,1280.0,545.0
short10,35,0108,1,493.0,106.0,939.0,709.0
short10,35,0108,2,924.0,380.0,1037.0,488.0
short10,35,0108,3,1191.0,416.0,1280.0,545.0
short10,36,0106,4,272.0,175.0,902.0,709.0
short10,36,0107,4,337.0,141.0,922.0,709.0
short10,36,0108,4,493.0,106.0,939.0,709.0
short10,36,0109,4,646.0,77.0,1005.0,707.0
short10,36,0110,4,686.0,74.0,1107.0,710.0
short10,36,0111,4,721.0,112.0,1195.0,709.0
short10,37,0109,1,646.0,77.0,1005.0,707.0
short10,37,0110,1,686.0,74.0,1107.0,710.0
short10,37,0111,1,721.0,112.0,1195.0,709.0
short10,37,0112,1,772.0,127.0,1237.0,711.0
short10,37,0113,1,801.0,97.0,1247.0,710.0
short10,37,0114,1,852.0,69.0,1230.0,709.0
short10,38,0112,1,772.0,127.0,1237.0,711.0
short10,38,0113,1,801.0,97.0,1247.0,710.0
short10,38,0114,1,852.0,69.0,1230.0,709.0
short10,38,0115,1,826.0,85.0,1230.0,709.0
short10,38,0116,1,762.0,129.0,1211.0,711.0
short10,38,0117,1,749.0,128.0,1184.0,711.0
short10,39,0115,1,826.0,85.0,1230.0,709.0
short10,39,0116,1,762.0,129.0,1211.0,711.0
short10,39,0117,1,749.0,128.0,1184.0,711.0
short10,39,0118,1,786.0,87.0,1187.0,709.0
short10,39,0119,1,810.0,58.0,1199.0,708.0
short10,39,0120,1,835.0,76.0,1208.0,707.0
short10,40,0118,2,786.0,87.0,1187.0,709.0
short10,40,0118,3,0.0,112.0,309.0,493.0
short10,40,0119,2,810.0,58.0,1199.0,708.0
short10,40,0119,3,43.0,73.0,334.0,431.0
short10,40,0120,2,835.0,76.0,1208.0,707.0
short10,40,0120,3,93.0,46.0,366.0,414.0
short10,40,0121,2,822.0,130.0,1195.0,707.0
short10,40,0121,3,161.0,54.0,412.0,585.0
short10,40,0122,2,814.0,164.0,1191.0,711.0
short10,40,0122,3,213.0,94.0,448.0,621.0
short10,40,0123,2,811.0,163.0,1192.0,711.0
short10,40,0123,3,233.0,130.0,491.0,541.0
